algorithm,security_bits,key_size_bits,avg_time_ms
RSA,80,1024,2.629922224312193
RSA,112,2048,1.4025888845531478
RSA,128,3072,1.3233555493772857
RSA,192,7680,2.142777769929833
RSA,256,15360,4.01923332699678
