algorithm,security_bits,key_size_bits,avg_time_ms
RSA,80,1024,13.34481111391344
RSA,112,2048,25.16367778621821
RSA,128,3072,45.43631111866691
RSA,192,7680,326.6826444370155
RSA,256,15360,865.8887000055984
