algorithm,security_bits,key_param,avg_time_ms
RSA,80,1024,5.796233334371613
RSA,112,2048,27.022000001226033
RSA,128,3072,90.19286667333088
RSA,192,7680,3388.04893334034
RSA,256,15360,55125.60732221593
DSA,80,1024,27.334244436739635
DSA,112,2048,196.75292222139737
DSA,128,3072,1383.8980000065121
ECC,80,secp192r1,0.2201444391782085
ECC,112,secp224r1,0.29055556903282803
ECC,128,secp256r1,0.017211112814644974
ECC,192,secp384r1,0.7432999943072597
ECC,256,secp521r1,1.5244222207305331
