algorithm,key_bits,mode,avg_time_ms
AES,128,CTR,0.020222220983770158
AES,192,CTR,0.017077778466045856
AES,256,CTR,0.016633337104900017
ChaCha20,256,stream,0.01724443993427687
