algorithm,key_bits,mode,avg_time_ms
AES,128,CTR,0.022866666161765654
AES,192,CTR,0.020311110549502902
AES,256,CTR,0.02055555685526795
ChaCha20,256,stream,0.017488892707559798
